{"initial_reset_timestamp": 1685538079.0413878, "timestamps": [1685538099.0190105], "episode_lengths": [2005], "episode_rewards": [2459.0], "episode_types": ["t"]}