{"initial_reset_timestamp": 1685826564.01665, "timestamps": [1685826566.7997766], "episode_lengths": [266], "episode_rewards": [790.0], "episode_types": ["t"]}